{
    "batch_size": 64,
    "learning_rate": [
        0.0010000000474974513,
        0.0010000000474974513,
        0.0010000000474974513,
        0.0010000000474974513,
        0.0010000000474974513,
        0.0010000000474974513,
        0.0010000000474974513,
        0.0010000000474974513,
        0.0010000000474974513,
        0.0010000000474974513,
        0.0010000000474974513,
        0.0010000000474974513,
        0.0010000000474974513,
        0.0010000000474974513,
        0.0010000000474974513,
        9.999999747378752e-05,
        9.999999747378752e-05,
        9.999999747378752e-05,
        9.999999747378752e-05,
        9.999999747378752e-05,
        9.999999747378752e-05,
        9.999999747378752e-05,
        9.999999747378752e-06,
        9.999999747378752e-06,
        9.999999747378752e-06,
        9.999999747378752e-06,
        9.999999747378752e-06,
        9.999999747378752e-06,
        9.999999747378752e-06,
        9.999999747378752e-06
    ],
    "nb_epoch": 30,
    "optimizer": {
        "decay": 0.0,
        "lr": 9.999999747378752e-06,
        "momentum": 0.8999999761581421,
        "nesterov": true
    },
    "test_loss": [
        [
            2.0636445304870605,
            0.2497
        ],
        [
            1.9636650884628295,
            0.2982
        ],
        [
            1.8892309715270996,
            0.3197
        ],
        [
            1.822323296546936,
            0.3359
        ],
        [
            1.7695752155303954,
            0.3507
        ],
        [
            1.7291816291809081,
            0.3618
        ],
        [
            1.6965211420059203,
            0.3745
        ],
        [
            1.6673080627441406,
            0.3887
        ],
        [
            1.6414916616439819,
            0.3976
        ],
        [
            1.6187307298660278,
            0.4085
        ],
        [
            1.5966515718460084,
            0.4182
        ],
        [
            1.5760761547088622,
            0.4258
        ],
        [
            1.5563623901367187,
            0.432
        ],
        [
            1.5381626525878906,
            0.4384
        ],
        [
            1.5250102437973023,
            0.4444
        ],
        [
            1.5128219045639038,
            0.4489
        ],
        [
            1.5104567567825318,
            0.4499
        ],
        [
            1.5082505571365357,
            0.4506
        ],
        [
            1.5058633544921876,
            0.4514
        ],
        [
            1.5038855157852173,
            0.4519
        ],
        [
            1.5020127941131591,
            0.4539
        ],
        [
            1.500352869606018,
            0.4542
        ],
        [
            1.5002713159561156,
            0.4536
        ],
        [
            1.5001255977630614,
            0.4543
        ],
        [
            1.5000015243530274,
            0.4541
        ],
        [
            1.4999411924362183,
            0.4543
        ],
        [
            1.4996751964569093,
            0.4537
        ],
        [
            1.4995170557022095,
            0.4544
        ],
        [
            1.499352123260498,
            0.4539
        ],
        [
            1.4990438035964966,
            0.4539
        ]
    ],
    "train_loss": [
        [
            2.1901168823242188,
            0.20688866078853607
        ],
        [
            2.0253050327301025,
            0.26878663897514343
        ],
        [
            1.9432895183563232,
            0.29914310574531555
        ],
        [
            1.8711152076721191,
            0.324463814496994
        ],
        [
            1.8096206188201904,
            0.34282541275024414
        ],
        [
            1.763007402420044,
            0.35832324624061584
        ],
        [
            1.727317214012146,
            0.3710649013519287
        ],
        [
            1.6979970932006836,
            0.38254398107528687
        ],
        [
            1.6714575290679932,
            0.3944631516933441
        ],
        [
            1.6481761932373047,
            0.4037491977214813
        ],
        [
            1.6255557537078857,
            0.4140675663948059
        ],
        [
            1.6036125421524048,
            0.4223089814186096
        ],
        [
            1.5827772617340088,
            0.43208906054496765
        ],
        [
            1.5627859830856323,
            0.4407244026660919
        ],
        [
            1.5420849323272705,
            0.45116373896598816
        ],
        [
            1.5215648412704468,
            0.45974743366241455
        ],
        [
            1.5184892416000366,
            0.4619438350200653
        ],
        [
            1.515810251235962,
            0.46380165219306946
        ],
        [
            1.5141667127609253,
            0.462401807308197
        ],
        [
            1.51083242893219,
            0.4653046131134033
        ],
        [
            1.508902668952942,
            0.46506327390670776
        ],
        [
            1.5063133239746094,
            0.4668838679790497
        ],
        [
            1.5042650699615479,
            0.46650803089141846
        ],
        [
            1.5042426586151123,
            0.4663464426994324
        ],
        [
            1.5030722618103027,
            0.4677234888076782
        ],
        [
            1.5028489828109741,
            0.46740496158599854
        ],
        [
            1.5026161670684814,
            0.4684228301048279
        ],
        [
            1.5018858909606934,
            0.4681608974933624
        ],
        [
            1.5022754669189453,
            0.46812304854393005
        ],
        [
            1.502601146697998,
            0.46624332666397095
        ]
    ]
}